{"cameraMode":{"drawMode":0,"name":"Shaded","section":"Shading Mode"},"sceneLighting":false,"audioPlay":false,"sceneViewState":{"showFog":false,"showMaterialUpdate":false,"showSkybox":false,"showFlares":false,"showImageEffects":false,"showParticleSystems":true},"in2DMode":false,"pivot":{"x":2.9440126419067385,"y":0.8875380754470825,"z":-0.21299999952316285},"rotation":{"x":-0.17186638712882996,"y":-0.19915907084941865,"z":0.03550245612859726,"w":-0.9641250967979431},"size":6.191525936126709,"orthographic":false}