{"cameraMode":{"drawMode":0,"name":"Shaded","section":"Shading Mode"},"sceneLighting":true,"audioPlay":false,"sceneViewState":{"showFog":false,"showMaterialUpdate":false,"showSkybox":false,"showFlares":false,"showImageEffects":false,"showParticleSystems":true},"in2DMode":false,"pivot":{"x":7.7032928466796879,"y":-7.606559753417969,"z":37.10523223876953},"rotation":{"x":-0.49532145261764529,"y":-0.2930229604244232,"z":0.18204496800899507,"w":-0.7972790598869324},"size":41.50969314575195,"orthographic":false}