{"cameraMode":{"drawMode":0,"name":"Shaded","section":"Shading Mode"},"sceneLighting":false,"audioPlay":false,"sceneViewState":{"showFog":false,"showMaterialUpdate":false,"showSkybox":false,"showFlares":false,"showImageEffects":false,"showParticleSystems":true},"in2DMode":false,"pivot":{"x":2.9440126419067385,"y":0.8875380754470825,"z":-0.21299999952316285},"rotation":{"x":0.10151848942041397,"y":-0.36796432733535769,"z":0.040454160422086719,"w":0.9233958125114441},"size":4.091524600982666,"orthographic":false}