{"cameraMode":{"drawMode":0,"name":"Shaded","section":"Shading Mode"},"sceneLighting":false,"audioPlay":false,"sceneViewState":{"showFog":false,"showMaterialUpdate":false,"showSkybox":false,"showFlares":false,"showImageEffects":false,"showParticleSystems":true},"in2DMode":false,"pivot":{"x":3.0478415489196779,"y":0.7175304293632507,"z":-0.17133134603500367},"rotation":{"x":-0.32569897174835207,"y":0.43824735283851626,"z":-0.17418324947357179,"w":-0.8194630742073059},"size":2.5676159858703615,"orthographic":false}